{"cameraMode":{"drawMode":0,"name":"Shaded","section":"Shading Mode"},"sceneLighting":false,"audioPlay":false,"sceneViewState":{"m_AlwaysRefresh":false,"showFog":true,"showSkybox":false,"showFlares":true,"showImageEffects":true,"showParticleSystems":true,"showVisualEffectGraphs":true,"m_FxEnabled":true},"in2DMode":false,"pivot":{"x":-0.026899337768554689,"y":0.23211519420146943,"z":-0.06373214721679688},"rotation":{"x":-0.15203040838241578,"y":0.7922536730766296,"z":-0.21952685713768006,"w":-0.5486646294593811},"size":13.568058967590332,"orthographic":false}