{"cameraMode":{"drawMode":0,"name":"Shaded","section":"Shading Mode"},"sceneLighting":false,"audioPlay":false,"sceneViewState":{"m_AlwaysRefresh":false,"showFog":true,"showSkybox":false,"showFlares":true,"showImageEffects":true,"showParticleSystems":true,"showVisualEffectGraphs":true,"m_FxEnabled":true},"in2DMode":false,"pivot":{"x":0.0821990966796875,"y":0.5348858833312988,"z":-1.6459369659423829},"rotation":{"x":-0.15203040838241578,"y":0.7922536730766296,"z":-0.21952685713768006,"w":-0.5486646294593811},"size":23.677125930786134,"orthographic":false}