{"cameraMode":{"drawMode":0,"name":"Shaded","section":"Shading Mode"},"sceneLighting":false,"audioPlay":false,"sceneViewState":{"m_AlwaysRefresh":false,"showFog":true,"showSkybox":false,"showFlares":true,"showImageEffects":true,"showParticleSystems":true,"showVisualEffectGraphs":true,"m_FxEnabled":true},"in2DMode":false,"pivot":{"x":0.24555587768554688,"y":17.547405242919923,"z":0.36412811279296877},"rotation":{"x":-0.15203040838241578,"y":0.7922536730766296,"z":-0.21952685713768006,"w":-0.5486646294593811},"size":71.48306274414063,"orthographic":false}